{
  "camera": {
    "camera_model": "plumb_bob",
    "distortion_coeffs": [
      -0.0,
      -0.0,
      -0.0,
      0.0,
      -0.0,
      -0.0
    ],
    "intrinsics": [
      437.4979248046875,
      437.4979248046875,
      512.0,
      272.0
    ]
  },
  "meta": {
    "bag_names": [
      "Calib2_2021-12-07-11-53-22_0.bag",
      "Calib2_2021-12-07-11-56-33_0.bag"
    ],
    "camera_info_topic": "/multisense/left/camera_info",
    "data_path": "ouster",
    "image_topic": "/multisense/left/image_rect_color",
    "intensity_channel": "reflectivity",
    "points_topic": "/os_cloud_node/points"
  },
  "results": {
    "init_T_lidar_camera_auto": [
      0.3192557162623833,
      0.05707217337210556,
      -0.1771100118548577,
      -0.5146171600589539,
      0.5186883655502901,
      -0.4837482728404055,
      0.4817874703015327
    ]
  }
}
